,ship,record,time,latitude,longitude,course,velocity,sure_tral,dist_table,dist_vel,is stay
0,4,655,2021-09-25 00:15:42,0.06333999999998953,0.11277074074072856,41,9.9,0,0.0,0.0,True
1,4,655,2021-09-25 01:53:03,0.07504999999999029,0.12192074074073388,220,4.1,0,1.0287964673032506,12.319967,True
2,4,655,2021-09-25 02:04:52,0.06610999999998768,0.10379074074072037,223,3.5,0,2.0264349594958446,1.276593888888889,True
3,4,655,2021-09-25 03:34:02,0.004059999999988406,-0.014199259259271456,0,0.0,0,13.187846659383052,0.0,True
4,4,655,2021-09-25 03:40:01,0.0015799999999899226,-0.01974925925927096,228,3.0,0,0.618816326590415,0.5540566666666666,True
5,4,655,2021-09-25 05:15:02,0.18060999999998728,-0.24154925925927276,20,8.9,0,24.65981302928362,26.102345222222223,True
6,4,655,2021-09-25 06:47:22,0.10973999999998796,-0.2734192592592706,204,4.5,0,4.2251974393084275,12.8251,True
7,4,655,2021-09-25 08:25:52,0.0059099999999929756,-0.3790992592592772,210,2.9,0,13.835568228321202,8.817063333333333,True
8,4,655,2021-09-25 10:01:43,0.005919999999989045,-0.12378925925926865,77,9.9,0,28.364941012051833,29.289843,True
9,4,655,2021-09-25 10:26:04,0.02578999999999354,-0.004049259259261362,66,10.2,0,13.402589968530684,7.666354,True
10,4,655,2021-09-25 11:39:09,0.14739999999999046,0.2866907407407382,29,5.7,0,32.84766782584233,12.858281666666665,True
11,4,655,2021-09-25 13:15:52,0.061779999999991723,0.16852074074071766,181,3.8,0,13.416554672318824,11.344220222222223,True
12,4,655,2021-09-25 13:43:45,0.03519999999998902,0.1605507407407174,199,3.2,0,1.005444069170148,2.754129777777778,True
13,4,655,2021-09-25 14:52:52,-0.018710000000012883,0.10530074074071648,219,3.1,0,6.158565281759678,6.613543444444445,True
14,4,655,2021-09-25 15:32:12,-0.044170000000008265,0.0658507407407285,229,3.0,0,4.383965568048004,3.6422666666666665,True
15,4,655,2021-09-25 15:37:21,-0.04725000000001245,0.05985074074072828,224,3.0,0,0.666616322930516,0.47689,True
16,4,655,2021-09-25 16:43:22,-0.08756000000001052,-0.01367925925927693,220,3.3,0,8.16919098762522,6.724457666666666,True
17,4,655,2021-09-25 17:06:42,-0.10271000000000896,-0.04264925925926377,223,3.2,0,3.2191461286325787,2.3047111111111116,True
18,4,655,2021-09-25 18:21:03,-0.1603200000000129,-0.07264925925926491,128,3.9,0,3.404742026614559,8.950253000000002,True
19,4,655,2021-09-25 18:47:32,-0.18183000000001212,-0.03996925925926576,155,1.9,0,3.648844674209188,1.5531592222222224,True
20,4,655,2021-09-25 18:54:43,-0.18502000000000865,-0.03928925925927729,0,0.0,0,0.10131776373934658,0.0,True
21,4,655,2021-09-25 19:57:53,-0.13652000000001152,-0.05219925925928237,1,10.2,0,1.9187711416895483,19.887393333333332,True
22,4,655,2021-09-25 20:28:32,-0.0464900000000128,-0.05153925925927183,6,10.2,0,2.8306080557003734,9.649846,True
23,4,655,2021-09-25 21:37:02,0.10839999999998896,0.13413074074071574,45,10.2,0,20.807544909858972,21.56654,True
24,4,655,2021-09-25 22:11:02,0.08832999999999203,0.0955407407407165,221,4.2,0,4.2898274123724525,4.407760000000001,True
25,4,655,2021-09-25 23:13:23,0.03309999999999036,0.004060740740726486,220,4.4,0,10.170432443500061,8.467961333333333,True
26,4,655,2021-09-25 23:52:33,-0.0017400000000122873,-0.051149259259261726,222,4.1,0,6.149280887891266,4.956672222222222,True
27,4,656,2021-09-25 00:53:02,-0.6036092307692229,-0.2815796153846293,8,3.3,0,32.9342578465587,6.1608323333333335,True
28,4,656,2021-09-25 02:32:54,-0.4679392307692183,-0.20311961538465084,350,9.1,0,9.510167632203343,28.051215111111112,True
29,4,656,2021-09-25 04:12:54,-0.19680923076921888,-0.4105896153846516,337,10.6,0,24.14567995994481,32.71866666666667,True
30,4,656,2021-09-25 05:52:51,0.014720769230777362,-0.2274296153846365,14,10.2,0,21.615758039007787,31.468258,True
31,4,656,2021-09-25 06:48:50,0.002990769230777346,-0.010409615384645576,182,11.2,0,24.114448712292077,19.353811555555556,True
32,4,656,2021-09-25 06:50:13,-0.0011292307692229995,-0.011189615384637364,206,9.9,0,0.16937151985709528,0.422719,True
33,4,656,2021-09-25 07:30:50,0.07563076923077716,0.05958038461537285,40,2.8,0,8.535503915984938,3.5103631111111113,True
34,4,656,2021-09-25 08:27:19,0.01650076923078103,-0.002769615384636381,209,4.3,0,7.430171105886408,7.4968445555555565,True
35,4,656,2021-09-25 09:01:51,-0.01976923076922077,-0.0453296153846452,209,4.3,0,4.997315917091369,4.583494222222223,True
36,4,656,2021-09-25 10:05:35,-0.07580923076922375,-0.12329961538463866,239,2.4,0,8.91978792306883,4.721365333333333,True
37,4,656,2021-09-25 10:46:34,-0.08993923076921817,-0.15779961538464704,315,6.3,0,3.8524641226045073,7.969619,True
38,4,656,2021-09-25 11:39:53,-0.05947923076922024,-0.12335961538462925,46,3.5,0,3.8689669709252517,5.759977222222222,True
39,4,656,2021-09-25 11:50:39,-0.052749230769222784,-0.1096596153846292,46,3.4,0,1.5234936692121128,1.1299257777777778,True
40,4,656,2021-09-25 13:16:43,0.012670769230780364,-0.007449615384643948,34,3.4,0,11.384048078594041,9.032409777777778,True
41,4,656,2021-09-25 14:00:35,0.049890769230778176,0.0323403846153667,28,3.3,0,4.493592316525099,4.468258666666667,True
42,4,656,2021-09-25 14:53:24,0.09168076923077706,0.0849103846153696,40,3.3,0,6.043785732617124,5.379905666666667,True
43,4,656,2021-09-25 16:09:33,0.1469607692307804,0.17350038461535178,38,3.5,0,10.325052655138979,8.226738333333333,True
44,4,656,2021-09-25 17:00:43,0.19147076923077574,0.22166038461534754,22,3.7,0,6.236900417668509,5.843574444444444,True
45,4,656,2021-09-25 18:38:44,0.2196407692307787,0.2796503846153655,193,3.8,0,6.778693671550269,11.496701555555557,True
46,4,656,2021-09-25 18:39:44,0.21862076923078175,0.27904038461537084,199,3.8,0,0.09428800077798463,0.11729333333333333,True
47,4,656,2021-09-25 19:25:43,0.17610076923077855,0.2198703846153478,219,3.3,0,6.888936706786349,4.683862333333334,True
48,4,656,2021-09-25 20:15:21,0.1420807692307804,0.16235038461536533,219,3.2,0,6.491842605596998,4.902449777777778,True
49,4,656,2021-09-25 21:09:02,0.104820769230777,0.11419038461536955,208,3.0,0,5.412297657906775,4.971076666666667,True
50,4,656,2021-09-25 21:53:21,0.07625076923078211,0.07735038461535737,218,2.8,0,4.1111456957779495,3.8301417777777775,True
51,4,656,2021-09-25 23:28:43,0.01440076923077527,0.0056103846153519035,207,2.9,0,8.010321677478256,8.536588222222223,True
52,4,656,2021-09-25 23:31:01,0.012800769230778995,0.003930384615358662,211,2.9,0,0.1877171091512546,0.20588066666666666,True
53,4,657,2021-09-25 00:54:28,-0.029783076923067142,-0.0041346153846291145,0,0.0,0,1.0517197811661725,0.0,True
54,4,657,2021-09-25 01:31:12,-0.030693076923064663,-0.00045461538462632234,0,0.0,0,0.4090175094807494,0.0,True
55,4,657,2021-09-25 02:05:41,-0.030983076923064345,0.0040253846153746045,0,0.0,0,0.49774107592835776,0.0,True
56,4,657,2021-09-25 03:10:45,-0.035093076923068615,0.013395384615364492,0,0.0,0,1.0419711475687623,0.0,True
57,4,657,2021-09-25 03:38:11,-0.036713076923064136,0.015965384615384437,0,0.0,0,0.28590656456618396,0.0,True
58,4,657,2021-09-25 04:51:12,-0.04141307692306384,0.02055538461536344,0,0.0,0,0.5109478381195963,0.0,True
59,4,657,2021-09-25 06:48:53,-0.045393076923069486,0.030115384615385214,0,0.0,0,1.0622083772067183,0.0,True
60,4,657,2021-09-25 08:26:52,-0.0389530769230646,0.033905384615366074,0,0.0,0,0.4210691942732655,0.0,True
61,4,657,2021-09-25 09:18:26,-0.031133076923069325,0.02650538461537621,0,0.0,0,0.8224300503962146,0.0,True
62,4,657,2021-09-25 10:02:48,-0.022943076923063188,0.022505384615385537,0,0.0,0,0.446330335247483,0.0,True
63,4,657,2021-09-25 11:04:03,-0.008493076923066667,0.018795384615373226,0,0.0,0,0.42425713369098966,0.0,True
64,4,657,2021-09-25 11:37:53,-0.0010930769230697024,0.01521538461537375,0,0.0,0,0.40267877423194937,0.0,True
65,4,657,2021-09-25 11:40:53,-0.0005030769230671693,0.01486538461537634,0,0.0,0,0.03933063794391244,0.0,True
66,4,657,2021-09-25 13:16:44,0.015976923076934213,0.0018053846153804896,0,0.0,0,1.460786127553311,0.0,True
67,4,657,2021-09-25 13:17:14,0.016026923076935873,0.0017153846153803445,0,0.0,0,0.010012788125152682,0.0,True
68,4,657,2021-09-25 14:54:35,0.02431692307693112,-0.003664615384622039,0,0.0,0,0.6036985250644458,0.0,True
69,4,657,2021-09-25 15:43:04,0.027376923076936063,-0.006014615384628996,0,0.0,0,0.26276508684936933,0.0,True
70,4,657,2021-09-25 16:31:33,0.03033692307693059,-0.0075046153846187735,0,0.0,0,0.16766712775496567,0.0,True
71,4,657,2021-09-25 17:18:24,0.032346923076936214,-0.005184615384621338,0,0.0,0,0.25832124653454,0.0,True
72,4,657,2021-09-25 18:23:02,0.031696923076935946,0.003385384615370413,0,0.0,0,0.9521448251348066,0.0,True
73,4,657,2021-09-25 18:55:35,0.03179692307693216,0.007415384615370613,0,0.0,0,0.4477340800440637,0.0,True
74,4,657,2021-09-25 18:56:44,0.03179692307693216,0.0075353846153802815,0,0.0,0,0.013332000001074203,0.0,True
75,4,657,2021-09-25 20:04:43,0.03247692307693484,0.007625384615380427,0,0.0,0,0.012741604970663976,0.0,True
76,4,657,2021-09-25 20:32:52,0.034346923076931546,-0.004244615384635607,0,0.0,0,1.3189231616475638,0.0,True
77,4,657,2021-09-25 22:11:23,0.01889692307693025,-0.0935046153846315,0,0.0,0,9.916795090685621,0.0,True
78,4,657,2021-09-25 23:26:31,0.02579692307693193,-0.120624615384628,0,0.0,0,3.01426696001257,0.0,True
79,4,658,2021-09-25 00:44:53,-0.5012849999999958,-1.5531129166666346,0,0.0,0,179.22087755638987,0.0,True
80,4,658,2021-09-25 02:18:52,-0.3444949999999949,-1.082192916666628,62,11.9,0,60.020254013085044,34.52133144444445,True
81,4,658,2021-09-25 02:24:53,-0.3349749999999929,-1.0489029166666342,62,11.9,0,3.9166386407742806,2.210001888888889,True
82,4,658,2021-09-25 03:03:43,-0.2753249999999952,-0.8322829166666281,61,11.9,0,24.11799412049383,14.264001111111114,True
83,4,658,2021-09-25 04:04:47,-0.1859449999999967,-0.4833529166666324,72,11.9,0,39.359955384643605,22.43060088888889,True
84,4,658,2021-09-25 04:31:38,-0.15848499999999888,-0.3177329166666425,71,12.2,0,19.01257532678088,10.110994,True
85,4,658,2021-09-25 05:44:42,-0.14336499999999575,-0.2515229166666302,72,3.4,0,8.389673759438853,7.668103111111112,True
86,4,658,2021-09-25 06:58:04,-0.13476499999999447,-0.14883291666663467,0,0.0,0,11.799714275364359,0.0,True
87,4,658,2021-09-25 07:45:03,-0.13791499999999246,-0.360602916666636,293,10.1,0,23.569911677812787,14.647210777777778,True
88,4,658,2021-09-25 09:19:42,-0.1466649999999987,-0.19825291666663247,65,2.9,0,18.636882647600714,8.472437,True
89,4,658,2021-09-25 09:22:32,-0.1456049999999962,-0.1942529166666418,63,2.9,0,0.789879172270969,0.25362111111111113,True
90,4,658,2021-09-25 10:56:52,-0.11845499999999733,-0.07021291666663387,0,0.0,0,22.720745977328864,0.0,True
91,4,658,2021-09-25 11:00:24,-0.11943499999999575,-0.06869291666663457,0,0.0,0,0.7124006031986642,0.0,True
92,4,658,2021-09-25 12:35:44,0.06149500000000074,0.2747270833333744,181,10.7,0,125.66261279896472,31.486057777777773,True
93,4,658,2021-09-25 14:13:31,0.1293150000000054,0.3126070833333472,30,12.0,0,40.28472416129127,36.21894666666667,True
94,4,658,2021-09-25 16:01:52,0.11539500000000658,0.35274708333335525,149,10.7,0,8.456564751082082,35.78511566666666,True
95,4,658,2021-09-25 16:44:40,0.17387500000000244,0.4471470833333626,67,14.2,0,26.064253494808593,18.759525333333336,True
96,4,658,2021-09-25 18:18:49,0.21679500000000476,0.6144870833333584,217,2.4,0,21.924158676121156,6.974632,True
97,4,658,2021-09-25 19:18:10,0.2349550000000065,0.6169170833333624,42,5.5,0,2.5201959528650315,10.075651666666666,True
98,4,658,2021-09-25 19:56:10,0.2757150000000053,0.6925270833333741,46,5.0,0,8.414542108431085,5.8646666666666665,True
99,4,658,2021-09-25 20:58:51,0.33479500000000684,0.8026170833333595,46,4.4,0,13.255942142919697,8.513232444444446,True
100,4,658,2021-09-25 21:34:40,0.3671350000000047,0.8443470833333606,2,3.4,0,6.083084578965012,3.7588397777777782,True
101,4,658,2021-09-25 22:37:10,0.4185150000000064,0.8254770833333679,64,3.8,0,5.191950837650295,7.330833333333334,True
102,4,658,2021-09-25 22:52:24,0.418725000000002,0.8263470833333599,66,3.8,0,0.09669265928371139,1.7867684444444445,True
103,4,659,2021-09-25 00:08:37,-2.041666666485753e-05,5.20833333155224e-05,0,0.0,0,91.95042848618685,0.0,True
104,4,659,2021-09-25 01:02:35,-4.166666656146845e-07,1.208333330282585e-05,0,0.0,0,0.0044510225518761696,0.0,True
105,4,659,2021-09-25 01:56:36,9.583333330454023e-06,5.20833333155224e-05,0,0.0,0,0.0044457550582398106,0.0,True
106,4,659,2021-09-25 03:08:38,9.583333330454023e-06,1.208333330282585e-05,0,0.0,0,0.004444000001410587,0.0,True
107,4,659,2021-09-25 04:05:38,7.95833333313567e-05,-1.791666667827485e-05,0,0.0,0,0.0034457910624202713,0.0,True
108,4,659,2021-09-25 05:08:35,-2.041666666485753e-05,-6.791666669414553e-05,0,0.0,0,0.005693881333064282,0.0,True
109,4,659,2021-09-25 06:08:41,-3.041666666803167e-05,-1.791666667827485e-05,0,0.0,0,0.005556406439588866,0.0,True
110,4,659,2021-09-25 07:05:37,6.958333333528799e-05,4.208333331234826e-05,0,0.0,0,0.006782120139637178,0.0,True
111,4,659,2021-09-25 08:08:35,2.958333332969687e-05,-3.791666668462312e-05,0,0.0,0,0.00890205418381374,0.0,True
112,4,659,2021-09-25 09:05:38,1.9583333333628158e-05,-7.916666675100714e-06,0,0.0,0,0.0033353437280166224,0.0,True
113,4,659,2021-09-25 10:08:35,-1.041666666878882e-05,-7.916666675100714e-06,0,0.0,0,0.00037507140738206573,0.0,True
114,4,659,2021-09-25 11:08:42,-6.041666667044864e-05,1.208333330282585e-05,0,0.0,0,0.0023082398124660082,0.0,True
115,4,659,2021-09-25 12:08:36,-3.041666666803167e-05,1.208333330282585e-05,0,0.0,0,0.00037498886344218833,0.0,True
116,4,659,2021-09-25 13:05:37,-4.0416666671205796e-05,4.208333331234826e-05,0,0.0,0,0.0033353412623448077,0.0,True
117,4,659,2021-09-25 14:05:39,-1.041666666878882e-05,-7.916666675100714e-06,0,0.0,0,0.0055676346418087694,0.0,True
118,4,659,2021-09-25 15:09:09,-2.041666666485753e-05,-7.916666675100714e-06,0,0.0,0,0.00012496661775707863,0.0,True
119,4,659,2021-09-25 16:05:36,-2.041666666485753e-05,-7.916666675100714e-06,0,0.0,0,0.0,0.0,True
120,4,659,2021-09-25 17:05:37,-4.166666656146845e-07,-1.791666667827485e-05,0,0.0,0,0.0011387783351700753,0.0,True
121,4,659,2021-09-25 18:05:37,9.583333330454023e-06,-1.791666667827485e-05,0,0.0,0,0.0001250150372070247,0.0,True
122,4,659,2021-09-25 19:08:41,-1.041666666878882e-05,2.2083333305999986e-05,0,0.0,0,0.004451025326161075,0.0,True
123,4,659,2021-09-25 20:08:35,1.9583333333628158e-05,-3.791666668462312e-05,0,0.0,0,0.00667654510155671,0.0,True
124,4,659,2021-09-25 21:02:39,9.583333330454023e-06,-7.916666675100714e-06,0,0.0,0,0.0033353447181079647,0.0,True
125,4,659,2021-09-25 22:05:35,-2.041666666485753e-05,-7.916666675100714e-06,0,0.0,0,0.0003751504051258003,0.0,True
126,4,659,2021-09-25 22:59:39,3.958333333287101e-05,1.208333330282585e-05,0,0.0,0,0.002345232931176914,0.0,True
127,4,660,2021-09-25 23:04:24,-0.16951458333332425,-0.44967499999998495,89,3.8,1,51.01277131893544,0.5571433333333333,False
128,4,660,2021-09-25 21:55:11,-0.19845458333332996,-0.462824999999981,222,5.9,1,3.3319651585350716,249.63792211111115,False
129,4,660,2021-09-25 21:05:19,-0.165084583333325,-0.3296749999999804,283,10.5,1,15.365718574658272,450.5422133333334,False
130,4,660,2021-09-25 20:16:24,-0.16031458333332438,-0.2786749999999927,0,0.0,1,5.700958387106013,0.0,False
131,4,660,2021-09-25 19:18:53,-0.13007458333332522,-0.17994499999997515,247,4.1,1,11.62501117772028,174.9578741111111,False
132,4,660,2021-09-25 18:11:33,-0.08283458333333016,0.09058500000000436,246,11.6,1,30.487979222425974,491.48787555555555,False
133,4,660,2021-09-25 16:56:05,0.10118541666667367,0.4030050000000074,209,11.5,1,38.84217205449529,484.3638488888889,False
134,4,660,2021-09-25 16:19:04,0.20107541666667567,0.5287850000000276,209,11.8,1,15.583376154586588,511.00394288888896,False
135,4,660,2021-09-25 14:57:52,0.25991541666667217,0.5493550000000198,0,0.0,1,2.7073146312203176,0.0,False
136,4,660,2021-09-25 13:43:18,0.2581154166666764,0.5017150000000186,0,0.0,1,5.293053499760674,0.0,False
137,4,660,2021-09-25 12:17:18,0.24919541666667303,0.4489050000000248,0,0.0,1,5.9086724900528065,0.0,False
138,4,660,2021-09-25 11:50:39,0.2465854166666759,0.4373950000000093,0,0.0,1,1.3164175611074913,0.0,False
139,4,660,2021-09-25 10:40:58,0.2384854166666699,0.4105150000000037,0,0.0,1,3.2066450632689127,0.0,False
140,4,660,2021-09-25 09:59:55,0.2693754166666764,0.3475350000000219,0,0.0,1,8.208458196179906,0.0,False
141,4,660,2021-09-25 09:02:28,0.1844654166666757,0.202855000000028,30,11.9,1,18.974747473194096,507.82904900000005,False
142,4,660,2021-09-25 07:27:27,-0.0731345833333279,-0.11779499999997255,36,10.5,1,48.14622716482146,435.90909833333336,False
143,4,660,2021-09-25 06:57:59,-0.14303458333332486,-0.21795499999998924,34,10.1,1,14.539793759639023,439.7384684444445,False
144,4,660,2021-09-25 06:07:19,-0.1696745833333253,-0.3066049999999905,91,2.0,1,10.433615256858342,85.76817777777778,False
145,4,660,2021-09-25 05:18:29,-0.17060458333332915,-0.3857749999999953,91,3.5,1,8.796341454635861,150.2923722222222,False
146,4,660,2021-09-25 03:44:19,-0.2324345833333297,-0.509744999999981,11,6.0,1,14.284642687745285,249.24833333333336,False
147,4,660,2021-09-25 03:18:18,-0.23795458333332675,-0.4918149999999741,192,4.4,1,1.9925882959227703,192.0377897777778,False
148,4,660,2021-09-25 01:59:33,-0.17217458333333013,-0.38431499999998653,264,3.8,1,12.146782080205314,159.66555,False
149,4,660,2021-09-25 01:02:09,-0.15077458333332314,-0.24887499999996976,235,4.6,1,15.099881199311815,196.31076533333334,False
150,4,661,2021-09-25 22:47:08,-0.022940416666656915,-0.13132291666667584,71,4.4,1,15.986424509032254,177.23413644444446,False
151,4,661,2021-09-25 21:55:13,-0.02672041666665592,-0.21283291666668447,272,11.0,1,9.062662881314512,471.3005611111111,False
152,4,661,2021-09-25 21:11:30,0.0007595833333411406,0.04638708333331465,285,10.8,1,28.902435555635403,465.4650120000001,False
153,4,661,2021-09-25 20:13:45,-0.003770416666661447,0.08163708333333375,74,8.2,1,3.9330704272212365,349.85669,False
154,4,661,2021-09-25 19:10:07,-0.02700041666665953,0.21375708333332002,148,61.6,1,14.738845150633818,2617.0052284444446,False
155,4,661,2021-09-25 18:16:02,-0.05161041666665511,0.29949708333330705,285,4.4,1,9.547135959766834,188.22596222222225,False
156,4,661,2021-09-25 17:17:54,-0.05472041666666172,0.34050708333330704,119,5.4,1,4.556278790406951,230.32953600000005,False
157,4,661,2021-09-25 15:50:18,-0.003910416666656147,0.09208708333332538,126,5.2,1,27.612893776079726,217.06921600000004,False
158,4,661,2021-09-25 14:55:03,0.008459583333340959,0.20139708333331896,277,5.2,1,12.152843224890647,222.2616066666667,False
159,4,661,2021-09-25 13:49:25,0.009709583333339822,0.13254708333332132,111,7.3,1,7.649490084674563,309.68145977777783,False
160,4,661,2021-09-25 13:12:53,0.02492958333333917,0.04212708333332671,121,7.1,1,10.080241407385211,307.5743982222222,False
161,4,661,2021-09-25 11:34:53,0.015329583333340224,-0.3515229166666813,68,6.3,1,43.734933348112556,260.96532,False
162,4,661,2021-09-25 10:01:33,0.02312958333334336,-0.3012729166666759,258,7.5,1,5.583367932355092,311.75333333333333,False
163,4,661,2021-09-25 09:58:13,0.02473958333334281,-0.2869429166666748,259,7.7,1,1.5933632120419692,341.4573555555555,False
164,4,661,2021-09-25 09:16:32,0.03930958333334189,-0.10710291666669036,264,6.4,1,19.99444695655497,276.2327964444445,False
165,4,661,2021-09-25 08:20:36,0.029299583333340706,0.05022708333331138,245,9.4,1,17.485695029573954,401.58232977777783,False
166,4,661,2021-09-25 06:58:26,0.013909583333344244,0.08208708333330605,97,2.6,1,3.589005222749843,108.97065111111114,False
167,4,661,2021-09-25 05:53:55,0.022619583333344902,-0.0383629166666708,90,3.3,1,13.387210616987037,140.10673233333333,False
168,4,661,2021-09-25 05:13:44,0.019419583333338156,-0.025152916666684174,263,6.5,1,1.4749411232267222,280.8498838888889,False
169,4,661,2021-09-25 04:09:26,-0.0044904166666555065,0.19216708333331667,301,6.3,1,24.151784103208257,267.518622,False
170,4,661,2021-09-25 03:19:14,-0.020640416666658726,0.11358708333332855,354,2.2,1,8.732761939108352,94.37668533333336,False
171,4,661,2021-09-25 02:15:08,-0.009060416666656579,-0.03969291666666663,76,8.3,1,17.030568747527344,352.4964073333334,False
172,4,661,2021-09-25 00:53:08,-0.0335504166666567,-0.14174291666668634,0,0.0,1,11.364533666623501,0.0,False
173,4,662,2021-09-25 01:03:45,0.014388000000018053,-0.19875200000001314,0,0.0,1,6.823093111575702,0.0,False
174,4,662,2021-09-25 02:02:25,0.00421800000001582,0.030397999999962618,91,9.5,1,25.463602151632614,17.203022222222224,False
175,4,662,2021-09-25 03:18:49,-0.06692199999998394,0.3473679999999888,334,10.2,1,35.2272045012781,24.053776000000003,False
176,4,662,2021-09-25 03:31:44,-0.04736199999998547,0.2791079999999795,297,10.6,1,7.589795637794946,4.226161111111112,False
177,4,662,2021-09-25 05:01:22,0.011208000000017648,-0.16360200000002578,100,8.9,1,49.185111397763485,24.623471777777777,False
178,4,662,2021-09-25 06:07:04,0.0225380000000186,-0.3329920000000186,83,4.8,1,18.8234116684366,9.734112,False
179,4,662,2021-09-25 06:43:44,0.02272800000001496,-0.25305200000002515,79,3.9,1,8.881341683987076,4.4139333333333335,False
180,4,662,2021-09-25 08:07:45,0.031808000000019376,-0.11914200000001075,254,4.5,1,14.892849450223533,11.669915,False
181,4,662,2021-09-25 09:05:44,0.021028000000015368,-0.2530820000000347,110,6.4,1,14.921214327766767,11.454414222222224,False
182,4,662,2021-09-25 09:48:54,0.030058000000018126,-0.1334720000000118,64,4.5,1,13.330648983287526,5.99585,False
183,4,662,2021-09-25 11:19:23,0.027548000000017225,0.11306799999996996,74,9.7,1,27.391883180966655,27.091313222222222,False
184,4,662,2021-09-25 11:23:28,0.025828000000018392,0.12893799999997668,209,5.6,1,1.7703480987051248,0.7058177777777778,False
185,4,662,2021-09-25 13:17:34,-0.04640199999998629,0.34005799999997066,301,4.7,1,23.792963418824392,16.552867333333335,False
186,4,662,2021-09-25 14:19:13,0.0011680000000140467,0.2360779999999636,128,11.8,1,11.64083591585243,22.454574000000004,False
187,4,662,2021-09-25 15:17:35,-0.05818199999998086,0.333217999999988,124,7.6,1,10.796788539826474,13.692041777777778,False
188,4,662,2021-09-25 16:17:05,-0.04158199999998402,0.2687379999999848,281,3.7,1,7.18445492430058,6.795296666666667,False
189,4,662,2021-09-25 17:19:04,-0.023271999999984416,0.1521179999999731,314,3.3,1,12.986304353795108,6.313622333333334,False
190,4,662,2021-09-25 18:18:24,0.014188000000018519,0.07094799999998712,278,3.4,1,9.255422676675032,6.226835555555556,False
191,4,662,2021-09-25 18:54:43,0.0129580000000189,-0.004642000000018243,277,3.3,1,8.398325669476955,3.699215666666667,False
192,4,662,2021-09-25 19:59:24,0.0029280000000184714,-0.14124200000003384,255,3.8,1,15.181805622635197,7.586923777777778,False
193,4,662,2021-09-25 21:04:14,0.007198000000016691,-0.2808820000000196,253,4.0,1,15.514087913246314,8.004755555555555,False
194,4,662,2021-09-25 21:43:44,0.0070880000000173035,-0.3614720000000205,289,2.7,1,8.953549440634564,3.2919300000000007,False
195,4,662,2021-09-25 23:08:44,0.013528000000015084,-0.18677200000001906,62,5.1,1,19.4113478627698,13.380700000000001,False
196,4,662,2021-09-25 23:49:19,0.01443800000001261,-0.07378200000002266,94,4.7,1,12.553282075179618,5.887559444444446,False
197,4,663,2021-09-25 01:15:13,0.0678833333333344,0.21115749999998454,276,5.0,1,31.70191896477299,13.257233333333334,False
198,4,663,2021-09-25 02:14:13,0.049693333333330265,0.09900749999999904,245,3.7,1,12.465887540999258,6.738193333333333,False
199,4,663,2021-09-25 03:18:35,0.033133333333331905,-0.035602500000010195,273,4.6,1,14.961053726893182,9.139208444444444,False
200,4,663,2021-09-25 04:03:54,0.025483333333333743,-0.13668250000000626,247,2.9,1,11.23424764211644,4.056445888888889,False
201,4,663,2021-09-25 05:15:24,0.003113333333331525,-0.2420925000000125,212,1.7,1,11.806627954835756,3.7518433333333334,False
202,4,663,2021-09-25 05:52:33,-0.012976666666666858,-0.2680025000000228,221,3.0,1,3.2685244682798844,3.44009,False
203,4,663,2021-09-25 07:24:32,-0.019076666666670402,-0.40563249999999584,299,4.3,1,15.314572939699092,12.208641222222223,False
204,4,663,2021-09-25 07:39:54,-0.014546666666667818,-0.4404825000000017,281,3.7,1,3.964065127831179,1.754975777777778,False
205,4,663,2021-09-25 09:11:43,-0.03938666666666535,-0.6688924999999983,241,4.2,1,26.173792887672583,11.903112666666669,False
206,4,663,2021-09-25 10:03:56,-0.0625566666666657,-0.7364024999999971,283,3.6,1,10.737476140869482,5.802316,False
207,4,663,2021-09-25 10:47:24,-0.056196666666664896,-0.8219825000000185,239,2.8,1,9.860061219433943,3.756679111111111,False
208,4,663,2021-09-25 12:16:32,-0.039396666666668516,-0.628712500000006,54,11.0,1,22.869174567472207,30.263737777777777,False
209,4,663,2021-09-25 13:14:13,0.008633333333335713,-0.3052725000000009,73,6.1,1,43.26011483301641,10.861002555555554,False
210,4,663,2021-09-25 13:49:13,0.02195333333333593,-0.20582250000001068,76,4.9,1,13.091969342763166,5.293633333333335,False
211,4,663,2021-09-25 15:14:34,0.05432333333332906,0.03694749999999658,90,5.0,1,32.030201984745744,13.17235,False
212,4,663,2021-09-25 15:55:23,0.05887333333333089,0.15582749999998668,85,4.8,1,13.422921936413404,6.047397333333333,False
213,4,663,2021-09-25 17:11:35,0.07270333333332958,0.3993774999999857,83,5.3,1,27.89881065393419,12.465812,False
214,4,663,2021-09-25 18:14:43,0.0603533333333317,0.5882974999999817,117,5.0,1,21.654044090070304,9.743577777777777,False
215,4,663,2021-09-25 19:08:04,0.023323333333330254,0.7103175000000022,120,4.8,1,18.853351820329042,7.904336,False
216,4,663,2021-09-25 19:49:12,-0.006876666666670417,0.7958774999999889,139,4.1,1,12.439106973931937,5.205560444444444,False
217,4,663,2021-09-25 20:44:22,-0.04382666666666779,0.8995275000000049,131,3.6,1,13.036213442633802,6.13012,False
218,4,663,2021-09-25 22:17:21,-0.07133666666666727,0.8833574999999882,303,2.1,1,2.582471881665104,6.027179666666667,False
219,4,663,2021-09-25 23:12:00,-0.05579666666666583,0.8237874999999804,294,2.1,1,6.6266557447023535,3.5424130000000003,False
220,4,664,2021-09-25 01:27:37,0.862866666666676,1.8568076923076833,231,11.6,1,209.5130832421902,48.557999555555554,False
221,4,664,2021-09-25 03:20:07,0.6528566666666791,1.4704876923076995,236,11.4,1,50.711727972661585,39.5865,False
222,4,664,2021-09-25 04:08:26,0.5611066666666815,1.303347692307682,234,11.0,1,21.622460974056416,16.40511888888889,False
223,4,664,2021-09-25 05:48:30,0.366956666666681,0.938747692307686,238,12.5,1,80.5689639245457,38.60905555555556,False
224,4,664,2021-09-25 06:30:18,0.3124266666666813,0.8634976923077033,213,3.2,1,32.72440724368736,4.128725333333334,False
225,4,664,2021-09-25 07:05:39,0.2907966666666795,0.7956976923076979,238,5.3,1,18.24915245877348,5.783024333333333,False
226,4,664,2021-09-25 10:04:38,0.05620666666668228,0.07827769230769377,235,12.5,1,202.26752534469105,69.05773611111111,False
227,4,664,2021-09-25 10:10:07,0.0461966666666811,0.05653769230769967,235,11.8,1,8.457184884578396,1.9971762222222227,False
228,4,664,2021-09-25 11:04:49,-0.05366333333331852,-0.16661230769230428,235,12.7,1,81.63603207928644,21.442764666666665,False
229,4,664,2021-09-25 11:10:29,-0.06461333333331963,-0.1891323076923186,230,12.4,1,8.489733131493919,2.1688977777777776,False
230,4,664,2021-09-25 12:04:48,-0.1342333333333201,-0.2643723076922981,35,5.0,1,47.256331337095915,8.382872222222222,False
231,4,664,2021-09-25 12:09:57,-0.1284033333333241,-0.25903230769230845,38,4.6,1,3.4920915586854075,0.7312313333333332,False
232,4,664,2021-09-25 13:04:47,-0.10031333333331817,-0.24115230769231746,95,0.0,1,14.813745528664088,0.0,False
233,4,664,2021-09-25 13:10:06,-0.10038333333331906,-0.2409823076923203,102,0.0,1,0.0369277623600557,0.0,False
234,4,664,2021-09-25 14:04:18,-0.10006333333332408,-0.2409023076923233,111,0.0,1,0.12310195238790596,0.0,False
235,4,664,2021-09-25 14:10:06,-0.10009333333331938,-0.2409023076923233,111,0.0,1,0.009436922566556658,0.0,False
236,4,664,2021-09-25 15:04:47,-0.10031333333331817,-0.24101230769230145,100,0.0,1,0.05565658619577007,0.0,False
237,4,664,2021-09-25 15:10:08,-0.10034333333332056,-0.2410423076923109,99,0.0,1,0.00638309567509516,0.0,False
238,4,664,2021-09-25 16:04:27,-0.10020333333331877,-0.2409023076923233,105,0.0,1,0.02283945498214578,0.0,False
239,4,664,2021-09-25 16:10:08,-0.10020333333331877,-0.2409023076923233,108,0.0,1,0.0,0.0,False
240,4,664,2021-09-25 17:04:46,-0.1001233333333218,-0.24080230769232006,112,0.0,1,0.011129674766807996,0.0,False
241,4,664,2021-09-25 17:10:17,-0.10024333333332436,-0.24086230769231065,109,0.0,1,0.008196764579179066,0.0,False
242,4,664,2021-09-25 18:04:38,-0.10140333333332308,-0.24080230769232006,75,0.0,1,0.09598052694472899,0.0,False
243,4,664,2021-09-25 18:09:38,-0.10147333333332398,-0.2406823076923104,70,0.0,1,0.01572766486592436,0.0,False
244,4,664,2021-09-25 19:04:47,-0.10304333333331783,-0.23924230769230806,335,0.0,1,0.28478091920655496,0.0,False
245,4,664,2021-09-25 19:10:06,-0.10301333333332252,-0.2394423076923147,342,0.0,1,0.022826673105684953,0.0,False
246,4,664,2021-09-25 20:04:37,-0.1028033333333198,-0.2400823076923189,16,0.0,1,0.08170758928996841,0.0,False
247,4,664,2021-09-25 20:09:56,-0.10283333333332224,-0.2400823076923189,6,0.0,1,0.006076879290604257,0.0,False
248,4,664,2021-09-25 21:04:37,-0.10244333333331923,-0.24065230769230084,37,0.0,1,0.10259920815127367,0.0,False
249,4,664,2021-09-25 21:10:07,-0.10243333333332316,-0.24065230769230084,47,0.0,1,0.0020542545872201346,0.0,False
250,4,664,2021-09-25 22:04:46,-0.10233333333331984,-0.2406823076923104,65,0.0,1,0.02010948013940835,0.0,False
251,4,664,2021-09-25 22:09:56,-0.10234333333332303,-0.24066230769230398,64,0.0,1,0.002899042460644835,0.0,False
252,4,664,2021-09-25 23:04:36,-0.10252333333332332,-0.24051230769231324,51,0.0,1,0.03480129290588129,0.0,False
253,4,664,2021-09-25 23:09:57,-0.10258333333332104,-0.2404223076923131,50,0.0,1,0.013435282297926975,0.0,False
254,4,664,2021-09-25 23:27:59,-0.10300333333331936,-0.2388423076923232,29,0.0,1,0.18341504876470943,0.0,False
255,4,664,2021-09-25 23:32:20,-0.10253333333331938,-0.23811230769231884,12,0.0,1,0.09410337202219342,0.0,False
256,4,664,2021-09-25 23:49:50,-0.0965833333333208,-0.2250423076923198,53,3.7,1,1.521934228762161,1.998616666666667,False
257,4,664,2021-09-25 23:54:20,-0.0939033333333228,-0.21927230769230727,54,4.1,1,0.6559182329784833,0.5694899999999999,False
258,4,665,2021-09-25 00:49:24,0.8072313513513478,1.838152162162146,233,12.1,1,291.77720126943734,20.56666577777778,
259,4,665,2021-09-25 03:41:05,0.4822213513513489,1.2024521621621602,236,12.0,1,87.49879182305112,63.59150666666667,
260,4,665,2021-09-25 04:07:46,0.430831351351344,1.101852162162146,233,11.7,1,11.180597570667892,9.636419,
261,4,665,2021-09-25 08:01:18,0.07731135135134792,0.14299216216215882,234,11.8,1,107.8034825091032,85.05906755555557,
262,4,665,2021-09-25 08:04:48,0.07101135135134484,0.12982216216215647,234,11.8,1,1.5608589195854818,1.2747933333333337,
263,4,665,2021-09-25 09:01:45,-0.03437864864865503,-0.07871783783784281,215,9.4,1,24.211736363711374,16.52385266666667,
264,4,665,2021-09-25 09:04:54,-0.03955864864865788,-0.08424783783783596,213,5.8,1,0.6569146520520092,0.5639339999999999,
265,4,665,2021-09-25 10:01:35,-0.08051864864865621,-0.113997837837843,196,5.7,1,3.3069770280298076,9.972865666666667,
266,4,665,2021-09-25 10:04:56,-0.08556864864865332,-0.11589783783784925,197,5.3,1,0.2925597210331121,0.5480376666666666,
267,4,665,2021-09-25 11:01:55,-0.05977864864865268,-0.14292783783784554,308,0.0,1,3.4717503588756755,0.0,
268,4,665,2021-09-25 11:04:46,-0.05947864864865692,-0.14225783783783186,321,0.0,1,0.0794668444704368,0.0,
269,4,665,2021-09-25 12:01:45,-0.05831864864865111,-0.14299783783783934,209,0.0,1,0.15693643614829636,0.0,
270,4,665,2021-09-25 12:04:55,-0.0583586486486567,-0.14303783783785207,208,0.0,1,0.007011117042140296,0.0,
271,4,665,2021-09-25 13:01:46,-0.0583586486486567,-0.14339783783785265,204,0.0,1,0.03999600000006467,0.0,
272,4,665,2021-09-25 13:04:56,-0.0583586486486567,-0.14335783783783995,198,0.0,1,0.004444000001410586,0.0,
273,4,665,2021-09-25 14:01:36,-0.05834864864865352,-0.1436978378378342,190,0.0,1,0.03781833050836625,0.0,
274,4,665,2021-09-25 14:04:57,-0.05830864864865504,-0.1437278378378437,194,0.0,1,0.008457842527449017,0.0,
275,4,665,2021-09-25 15:01:37,-0.05822864864865807,-0.1437978378378375,193,0.0,1,0.018030455177584684,0.0,
276,4,665,2021-09-25 15:04:56,-0.058248648648657315,-0.14381783783784385,187,0.0,1,0.004753818205668172,0.0,
277,4,665,2021-09-25 16:01:48,-0.058208648648651724,-0.14373783783784688,192,0.0,1,0.012360308386192311,0.0,
278,4,665,2021-09-25 16:04:57,-0.058208648648651724,-0.14378783783783433,195,0.0,1,0.005554999998605581,0.0,
279,4,665,2021-09-25 17:01:38,-0.058018648648655365,-0.143907837837844,199,0.0,1,0.04344320815238024,0.0,
280,4,665,2021-09-25 17:04:58,-0.0580386486486546,-0.1440178378378505,190,0.0,1,0.012962257306296628,0.0,
281,4,665,2021-09-25 18:01:37,-0.057938648648651274,-0.14370783783783736,207,0.0,1,0.04047278095707541,0.0,
282,4,665,2021-09-25 18:04:59,-0.057888648648656726,-0.14385783783785655,203,0.0,1,0.019625744720024065,0.0,
283,4,665,2021-09-25 19:01:48,-0.057838648648655074,-0.1437978378378375,205,0.0,1,0.012034211929747568,0.0,
284,4,665,2021-09-25 19:04:59,-0.057828648648651886,-0.143907837837844,197,0.0,1,0.01237073800659269,0.0,
285,4,665,2021-09-25 20:01:39,-0.057768648648654164,-0.14393783783785352,186,0.0,1,0.011415245175019966,0.0,
286,4,665,2021-09-25 20:04:49,-0.057788648648653414,-0.14373783783784688,190,0.0,1,0.022480922653979645,0.0,
287,4,665,2021-09-25 21:01:40,-0.057658648648654776,-0.14384783783785338,206,0.0,1,0.023942967486916367,0.0,
288,4,665,2021-09-25 21:06:59,-0.057678648648654025,-0.14396783783783462,189,0.0,1,0.013643639716575715,0.0,
289,4,665,2021-09-25 22:01:39,-0.057638648648655526,-0.1436178378378372,209,0.0,1,0.0392350659388161,0.0,
290,4,665,2021-09-25 22:04:59,-0.057628648648652366,-0.14381783783784385,204,0.0,1,0.0222501367217304,0.0,
291,4,665,2021-09-25 23:01:50,-0.0576486486486516,-0.14382783783784706,196,0.0,1,0.002292014923937413,0.0,
292,4,665,2021-09-25 23:05:00,-0.0576486486486516,-0.1437978378378375,198,0.0,1,0.0033330000010610233,0.0,
293,4,665,2021-09-25 23:59:49,-0.057638648648655526,-0.14391783783784715,196,0.0,1,0.01334939655506397,0.0,
